{"cameraMode":{"drawMode":0,"name":"Shaded","section":"Shading Mode"},"sceneLighting":false,"audioPlay":false,"sceneViewState":{"m_AlwaysRefresh":false,"showFog":true,"showSkybox":false,"showFlares":true,"showImageEffects":true,"showParticleSystems":true,"showVisualEffectGraphs":true,"m_FxEnabled":true},"in2DMode":false,"pivot":{"x":0.8877431750297546,"y":8.471305847167969,"z":-12.137271881103516},"rotation":{"x":-0.13993361592292787,"y":0.29854828119277956,"z":-0.044298913329839709,"w":-0.9430438876152039},"size":0.5427515506744385,"orthographic":false}